Games,Event,Winner,Racial Group,Total (s),RT (s),Eff. Time*,Lane,Radius (m),Wind (m/s),Alt (m),Temp/Humid,Track Surface
Tokyo '20,100m,Fred Kerley,Black,9.84,0.128,9.712,5,Straight,0.1,40,28°C / 78%,Mondo WS
Tokyo '20,100m,Ronnie Baker,Black,9.95,0.153,9.801,7,Straight,0.1,40,28°C / 78%,Mondo WS
Tokyo '20,100m,Su Bingtian,Asian,9.98,0.167,9.813,6,Straight,0.1,40,28°C / 78%,Mondo WS
Tokyo '20,100m (W),Elaine Thompson-Herah,Black,10.61,0.15,10.46,4,Straight,-0.6,40,29°C / 75%,Mondo WS
Paris '24,100m,Kishane Thompson,Black,9.79,0.176,9.614,4,Straight,1,43,21°C / 58%,Mondo Ellipse
Paris '24,100m,Fred Kerley,Black,9.81,0.154,9.656,3,Straight,1,43,21°C / 58%,Mondo Ellipse
Paris '24,100m (W),Sha'Carri Richardson,Black,10.87,0.221,10.649,7,Straight,0.1,43,22°C / 62%,Mondo Ellipse
Paris '24,400m Hurdles,Rai Benjamin,Black,46.46,0.15,46.31,8,36.5,0,43,25°C / 50%,Mondo Ellipse
Paris '24,400m Hurdles,Sydney McLaughlin-Levrone,Black,50.37,0.145,50.225,5,36.5,0,43,24°C / 55%,Mondo Ellipse
